<archive xmlns="http://rs.tdwg.org/dwc/text/" metadata="eml.xml">
  <core encoding="UTF-8" fieldsTerminatedBy="\t" linesTerminatedBy="\n" fieldsEnclosedBy="" ignoreHeaderLines="1" rowType="http://rs.tdwg.org/dwc/terms/Event">
    <files>
      <location>event.txt</location>
    </files>
    <id index="0" />
    <field index="1" term="http://purl.org/dc/terms/modified"/>
    <field index="2" term="http://rs.tdwg.org/dwc/terms/datasetID"/>
    <field index="3" term="http://rs.tdwg.org/dwc/terms/datasetName"/>
    <field index="4" term="http://rs.tdwg.org/dwc/terms/dataGeneralizations"/>
    <field index="5" term="http://rs.tdwg.org/dwc/terms/dynamicProperties"/>
    <field index="6" term="http://rs.tdwg.org/dwc/terms/eventID"/>
    <field index="7" term="http://rs.tdwg.org/dwc/terms/parentEventID"/>
    <field index="8" term="http://rs.tdwg.org/dwc/terms/fieldNumber"/>
    <field index="9" term="http://rs.tdwg.org/dwc/terms/eventDate"/>
    <field index="10" term="http://rs.tdwg.org/dwc/terms/eventTime"/>
    <field index="11" term="http://rs.tdwg.org/dwc/terms/startDayOfYear"/>
    <field index="12" term="http://rs.tdwg.org/dwc/terms/endDayOfYear"/>
    <field index="13" term="http://rs.tdwg.org/dwc/terms/year"/>
    <field index="14" term="http://rs.tdwg.org/dwc/terms/month"/>
    <field index="15" term="http://rs.tdwg.org/dwc/terms/day"/>
    <field index="16" term="http://rs.tdwg.org/dwc/terms/samplingProtocol"/>
    <field index="17" term="http://rs.tdwg.org/dwc/terms/sampleSizeValue"/>
    <field index="18" term="http://rs.tdwg.org/dwc/terms/sampleSizeUnit"/>
    <field index="19" term="http://rs.tdwg.org/dwc/terms/samplingEffort"/>
    <field index="20" term="http://rs.tdwg.org/dwc/terms/eventRemarks"/>
    <field index="21" term="http://rs.tdwg.org/dwc/terms/locationID"/>
    <field index="22" term="http://rs.tdwg.org/dwc/terms/waterBody"/>
    <field index="23" term="http://rs.tdwg.org/dwc/terms/country"/>
    <field index="24" term="http://rs.tdwg.org/dwc/terms/stateProvince"/>
    <field index="25" term="http://rs.tdwg.org/dwc/terms/county"/>
    <field index="26" term="http://rs.tdwg.org/dwc/terms/locality"/>
    <field index="27" term="http://rs.tdwg.org/dwc/terms/minimumElevationInMeters"/>
    <field index="28" term="http://rs.tdwg.org/dwc/terms/maximumElevationInMeters"/>
    <field index="29" term="http://rs.tdwg.org/dwc/terms/minimumDepthInMeters"/>
    <field index="30" term="http://rs.tdwg.org/dwc/terms/maximumDepthInMeters"/>
    <field index="31" term="http://rs.tdwg.org/dwc/terms/verbatimDepth"/>
    <field index="32" term="http://rs.tdwg.org/dwc/terms/locationRemarks"/>
    <field index="33" term="http://rs.tdwg.org/dwc/terms/decimalLatitude"/>
    <field index="34" term="http://rs.tdwg.org/dwc/terms/decimalLongitude"/>
    <field index="35" term="http://rs.tdwg.org/dwc/terms/geodeticDatum"/>
    <field index="36" term="http://rs.tdwg.org/dwc/terms/coordinateUncertaintyInMeters"/>
    <field index="37" term="http://rs.tdwg.org/dwc/terms/footprintWKT"/>
    <field index="38" term="http://rs.tdwg.org/dwc/terms/footprintSRS"/>
    <field index="39" term="http://rs.tdwg.org/dwc/terms/georeferenceRemarks"/>
  </core>
  <extension encoding="UTF-8" fieldsTerminatedBy="\t" linesTerminatedBy="\n" fieldsEnclosedBy="" ignoreHeaderLines="1" rowType="http://rs.iobis.org/obis/terms/ExtendedMeasurementOrFact">
    <files>
      <location>extendedmeasurementorfact.txt</location>
    </files>
    <coreid index="0" />
    <field index="1" term="http://rs.tdwg.org/dwc/terms/measurementID"/>
    <field index="2" term="http://rs.tdwg.org/dwc/terms/occurrenceID"/>
    <field index="3" term="http://rs.tdwg.org/dwc/terms/measurementType"/>
    <field index="4" term="http://rs.iobis.org/obis/terms/measurementTypeID"/>
    <field index="5" term="http://rs.tdwg.org/dwc/terms/measurementValue"/>
    <field index="6" term="http://rs.iobis.org/obis/terms/measurementValueID"/>
    <field index="7" term="http://rs.tdwg.org/dwc/terms/measurementAccuracy"/>
    <field index="8" term="http://rs.tdwg.org/dwc/terms/measurementUnit"/>
    <field index="9" term="http://rs.iobis.org/obis/terms/measurementUnitID"/>
    <field index="10" term="http://rs.tdwg.org/dwc/terms/measurementDeterminedDate"/>
    <field index="11" term="http://rs.tdwg.org/dwc/terms/measurementDeterminedBy"/>
    <field index="12" term="http://rs.tdwg.org/dwc/terms/measurementMethod"/>
    <field index="13" term="http://rs.tdwg.org/dwc/terms/measurementRemarks"/>
  </extension>
  <extension encoding="UTF-8" fieldsTerminatedBy="\t" linesTerminatedBy="\n" fieldsEnclosedBy="" ignoreHeaderLines="1" rowType="http://rs.tdwg.org/dwc/terms/Occurrence">
    <files>
      <location>occurrence.txt</location>
    </files>
    <coreid index="0" />
    <field index="1" term="http://purl.org/dc/terms/modified"/>
    <field index="2" term="http://purl.org/dc/terms/bibliographicCitation"/>
    <field index="3" term="http://purl.org/dc/terms/references"/>
    <field index="4" term="http://rs.tdwg.org/dwc/terms/datasetID"/>
    <field index="5" term="http://rs.tdwg.org/dwc/terms/institutionCode"/>
    <field index="6" term="http://rs.tdwg.org/dwc/terms/collectionCode"/>
    <field index="7" term="http://rs.tdwg.org/dwc/terms/datasetName"/>
    <field index="8" term="http://rs.tdwg.org/dwc/terms/basisOfRecord"/>
    <field index="9" term="http://rs.tdwg.org/dwc/terms/dataGeneralizations"/>
    <field index="10" term="http://rs.tdwg.org/dwc/terms/dynamicProperties"/>
    <field index="11" term="http://rs.tdwg.org/dwc/terms/occurrenceID"/>
    <field index="12" term="http://rs.tdwg.org/dwc/terms/catalogNumber"/>
    <field index="13" term="http://rs.tdwg.org/dwc/terms/recordNumber"/>
    <field index="14" term="http://rs.tdwg.org/dwc/terms/recordedBy"/>
    <field index="15" term="http://rs.tdwg.org/dwc/terms/individualCount"/>
    <field index="16" term="http://rs.tdwg.org/dwc/terms/organismQuantity"/>
    <field index="17" term="http://rs.tdwg.org/dwc/terms/organismQuantityType"/>
    <field index="18" term="http://rs.tdwg.org/dwc/terms/sex"/>
    <field index="19" term="http://rs.tdwg.org/dwc/terms/lifeStage"/>
    <field index="20" term="http://rs.tdwg.org/dwc/terms/occurrenceStatus"/>
    <field index="21" term="http://rs.tdwg.org/dwc/terms/associatedMedia"/>
    <field index="22" term="http://rs.tdwg.org/dwc/terms/associatedOccurrences"/>
    <field index="23" term="http://rs.tdwg.org/dwc/terms/otherCatalogNumbers"/>
    <field index="24" term="http://rs.tdwg.org/dwc/terms/occurrenceRemarks"/>
    <field index="25" term="http://rs.tdwg.org/dwc/terms/organismID"/>
    <field index="26" term="http://rs.tdwg.org/dwc/terms/preparations"/>
    <field index="27" term="http://rs.tdwg.org/dwc/terms/associatedSequences"/>
    <field index="28" term="http://rs.tdwg.org/dwc/terms/eventID"/>
    <field index="29" term="http://rs.tdwg.org/dwc/terms/parentEventID"/>
    <field index="30" term="http://rs.tdwg.org/dwc/terms/fieldNumber"/>
    <field index="31" term="http://rs.tdwg.org/dwc/terms/eventDate"/>
    <field index="32" term="http://rs.tdwg.org/dwc/terms/eventTime"/>
    <field index="33" term="http://rs.tdwg.org/dwc/terms/startDayOfYear"/>
    <field index="34" term="http://rs.tdwg.org/dwc/terms/endDayOfYear"/>
    <field index="35" term="http://rs.tdwg.org/dwc/terms/year"/>
    <field index="36" term="http://rs.tdwg.org/dwc/terms/month"/>
    <field index="37" term="http://rs.tdwg.org/dwc/terms/day"/>
    <field index="38" term="http://rs.tdwg.org/dwc/terms/samplingProtocol"/>
    <field index="39" term="http://rs.tdwg.org/dwc/terms/samplingEffort"/>
    <field index="40" term="http://rs.tdwg.org/dwc/terms/locationID"/>
    <field index="41" term="http://rs.tdwg.org/dwc/terms/continent"/>
    <field index="42" term="http://rs.tdwg.org/dwc/terms/country"/>
    <field index="43" term="http://rs.tdwg.org/dwc/terms/stateProvince"/>
    <field index="44" term="http://rs.tdwg.org/dwc/terms/county"/>
    <field index="45" term="http://rs.tdwg.org/dwc/terms/locality"/>
    <field index="46" term="http://rs.tdwg.org/dwc/terms/minimumElevationInMeters"/>
    <field index="47" term="http://rs.tdwg.org/dwc/terms/maximumElevationInMeters"/>
    <field index="48" term="http://rs.tdwg.org/dwc/terms/minimumDepthInMeters"/>
    <field index="49" term="http://rs.tdwg.org/dwc/terms/maximumDepthInMeters"/>
    <field index="50" term="http://rs.tdwg.org/dwc/terms/verbatimDepth"/>
    <field index="51" term="http://rs.tdwg.org/dwc/terms/locationRemarks"/>
    <field index="52" term="http://rs.tdwg.org/dwc/terms/decimalLatitude"/>
    <field index="53" term="http://rs.tdwg.org/dwc/terms/decimalLongitude"/>
    <field index="54" term="http://rs.tdwg.org/dwc/terms/geodeticDatum"/>
    <field index="55" term="http://rs.tdwg.org/dwc/terms/coordinateUncertaintyInMeters"/>
    <field index="56" term="http://rs.tdwg.org/dwc/terms/footprintWKT"/>
    <field index="57" term="http://rs.tdwg.org/dwc/terms/georeferenceRemarks"/>
    <field index="58" term="http://rs.tdwg.org/dwc/terms/verbatimIdentification"/>
    <field index="59" term="http://rs.tdwg.org/dwc/terms/identificationQualifier"/>
    <field index="60" term="http://rs.tdwg.org/dwc/terms/typeStatus"/>
    <field index="61" term="http://rs.tdwg.org/dwc/terms/identifiedBy"/>
    <field index="62" term="http://rs.tdwg.org/dwc/terms/dateIdentified"/>
    <field index="63" term="http://rs.tdwg.org/dwc/terms/identificationReferences"/>
    <field index="64" term="http://rs.tdwg.org/dwc/terms/identificationVerificationStatus"/>
    <field index="65" term="http://rs.tdwg.org/dwc/terms/taxonID"/>
    <field index="66" term="http://rs.tdwg.org/dwc/terms/scientificNameID"/>
    <field index="67" term="http://rs.tdwg.org/dwc/terms/taxonConceptID"/>
    <field index="68" term="http://rs.tdwg.org/dwc/terms/scientificName"/>
    <field index="69" term="http://rs.tdwg.org/dwc/terms/higherClassification"/>
    <field index="70" term="http://rs.tdwg.org/dwc/terms/kingdom"/>
    <field index="71" term="http://rs.tdwg.org/dwc/terms/phylum"/>
    <field index="72" term="http://rs.tdwg.org/dwc/terms/class"/>
    <field index="73" term="http://rs.tdwg.org/dwc/terms/order"/>
    <field index="74" term="http://rs.tdwg.org/dwc/terms/family"/>
    <field index="75" term="http://rs.tdwg.org/dwc/terms/genus"/>
    <field index="76" term="http://rs.tdwg.org/dwc/terms/subgenus"/>
    <field index="77" term="http://rs.tdwg.org/dwc/terms/specificEpithet"/>
    <field index="78" term="http://rs.tdwg.org/dwc/terms/infraspecificEpithet"/>
    <field index="79" term="http://rs.tdwg.org/dwc/terms/scientificNameAuthorship"/>
  </extension>
</archive>
